{"scheme":2,"settings":{"chart":{"panels":{"primary-graph":{"cursors":[]}},"axisProps":{"01ac7941-a5e7-46fd-ab15-411719569eca":{"panelId":"primary-graph","active":false,"offset":0,"scale":3300,"type":"data"},"df84fd6c-5a67-4a92-815f-e21d2cb98942":{"panelId":"primary-graph","active":false,"offset":0,"scale":3300,"type":"data"},"primary-graph":{"panelId":"primary-graph","active":true,"offset":188.4618358489687,"scale":0.2720470510312225,"type":"time"}},"axisPositions":{"01ac7941-a5e7-46fd-ab15-411719569eca":{"panelId":"primary-graph","orientation":"vertical","alignment":"before","track":0,"order":0},"df84fd6c-5a67-4a92-815f-e21d2cb98942":{"panelId":"primary-graph","orientation":"vertical","alignment":"before","track":0,"order":0},"primary-graph":{"panelId":"primary-graph","orientation":"horizontal","alignment":"after","track":0,"order":0}},"plotProps":{"8e18288e-418d-4bd5-a325-4f46292097d4":{"panelId":"primary-graph","sourceId":"decoder-e8151bb0-5973-11ea-907c-eb810a612336$Differential Input","color":"#f44e3b","lineMode":"linear"},"552e5a74-8e29-4a0a-a874-1a02f83ff62c":{"panelId":"primary-graph","sourceId":"decoder-e8151bb0-5973-11ea-907c-eb810a612336$Instrumentation Amplifier (OUT)","color":"#a4dd00","lineMode":"linear"}},"plotPositions":{"8e18288e-418d-4bd5-a325-4f46292097d4":{"panelId":"primary-graph","hAxes":[],"vAxes":["01ac7941-a5e7-46fd-ab15-411719569eca"]},"552e5a74-8e29-4a0a-a874-1a02f83ff62c":{"panelId":"primary-graph","hAxes":[],"vAxes":["df84fd6c-5a67-4a92-815f-e21d2cb98942"]}},"cursorProps":{},"inspector":{"enabled":true,"yPosition":30},"activeDataAxisId":"01ac7941-a5e7-46fd-ab15-411719569eca","prevColorChoiceIndex":-1},"terminal":{"sourceId":"","characterSet":"hex","filterControlChars":false,"hexMode":false,"echo":true,"lineEnd":"\r\n","terminalDirty":false},"ui":{"sidebars":{"left.sidebar":{"id":"left.sidebar","visible":true},"right.sidebar":{"id":"right.sidebar","visible":true}},"panels":{"connections.panel":{"id":"connections.panel","open":true},"connection.options.panel":{"id":"connection.options.panel","open":true}},"dialogs":[],"darkTheme":true,"devMode":false},"sourceSettings":{"byId":{"COM27":{"id":"COM27","formValues":{"baudRate":115200,"charLength":8,"stopBits":0,"parity":0,"invalid":-1}},"COM10":{"id":"COM10","formValues":{"baudRate":115200,"charLength":8,"stopBits":0,"parity":0,"invalid":-1}}}},"protocolShapes":{"byId":{"":{"fields":[{"id":"$Differential Input","name":"Differential Input","type":4,"offset":0},{"id":"$Instrumentation Amplifier (OUT)","name":"Instrumentation Amplifier (OUT)","type":4,"offset":2}],"id":"","name":"Decoder 1","frame":{"mode":{"label":"Auto","id":"auto"},"startOfFrame":0}}}},"protocols":{"byId":{"decoder-e8151bb0-5973-11ea-907c-eb810a612336":{"fields":[{"id":"$Differential Input","name":"Differential Input","offset":0,"type":4},{"id":"$Instrumentation Amplifier (OUT)","name":"Instrumentation Amplifier (OUT)","offset":2,"type":4}],"frame":{"mode":"auto","startOfFrame":0},"id":"decoder-e8151bb0-5973-11ea-907c-eb810a612336","name":"Decoder 1","outputs":["decoder-e8151bb0-5973-11ea-907c-eb810a612336$Instrumentation Amplifier (OUT)","decoder-e8151bb0-5973-11ea-907c-eb810a612336$Differential Input"]}},"shapeSelection":{"decoder-e8151bb0-5973-11ea-907c-eb810a612336":""},"statisticsById":{"decoder-e8151bb0-5973-11ea-907c-eb810a612336":{"discardedByteCount":4,"decodedFrameCount":2800,"decodeRate":844,"hasProtocolMismatch":false}}},"links":{"byId":{"13ae2510-b13e-11ea-b36e-6d4a2a65c573":{"sourceId":"COM10","sinkId":"decoder-e8151bb0-5973-11ea-907c-eb810a612336"}}}}}
